{
    "accuracy": 0.9487179487179487,
    "precision": 0.9655172413793104,
    "recall": 0.9655172413793104,
    "f1": 0.9655172413793104,
    "roc_auc": 0.9862068965517242
}