{
    "LogReg": {
        "accuracy": 0.9230769230769231,
        "precision": 0.9333333333333333,
        "recall": 0.9655172413793104,
        "f1": 0.9491525423728814,
        "roc_auc": 0.9241379310344828
    },
    "RandomForest": {
        "accuracy": 0.9230769230769231,
        "precision": 0.9333333333333333,
        "recall": 0.9655172413793104,
        "f1": 0.9491525423728814,
        "roc_auc": 0.9620689655172414
    },
    "XGBoost": {
        "accuracy": 0.9230769230769231,
        "precision": 0.9333333333333333,
        "recall": 0.9655172413793104,
        "f1": 0.9491525423728814,
        "roc_auc": 0.9758620689655173
    },
    "LightGBM": {
        "accuracy": 0.9230769230769231,
        "precision": 0.9333333333333333,
        "recall": 0.9655172413793104,
        "f1": 0.9491525423728814,
        "roc_auc": 0.9517241379310346
    },
    "CatBoost": {
        "accuracy": 0.9487179487179487,
        "precision": 0.9655172413793104,
        "recall": 0.9655172413793104,
        "f1": 0.9655172413793104,
        "roc_auc": 0.9862068965517242
    },
    "KNN": {
        "accuracy": 0.9230769230769231,
        "precision": 0.9333333333333333,
        "recall": 0.9655172413793104,
        "f1": 0.9491525423728814,
        "roc_auc": 0.9637931034482758
    },
    "SVC": {
        "accuracy": 0.9230769230769231,
        "precision": 0.90625,
        "recall": 1.0,
        "f1": 0.9508196721311475,
        "roc_auc": 0.9551724137931035
    },
    "GradientBoosting": {
        "accuracy": 0.9230769230769231,
        "precision": 0.9642857142857143,
        "recall": 0.9310344827586207,
        "f1": 0.9473684210526315,
        "roc_auc": 0.9689655172413794
    },
    "ExtraTrees": {
        "accuracy": 0.9487179487179487,
        "precision": 0.9655172413793104,
        "recall": 0.9655172413793104,
        "f1": 0.9655172413793104,
        "roc_auc": 0.9827586206896551
    },
    "MLP": {
        "accuracy": 0.9487179487179487,
        "precision": 0.9655172413793104,
        "recall": 0.9655172413793104,
        "f1": 0.9655172413793104,
        "roc_auc": 0.9896551724137931
    }
}